subreddit_id,approved_at_utc,author_is_blocked,comment_type,edited,mod_reason_by,banned_by,ups,num_reports,author_flair_type,total_awards_received,subreddit,author_flair_template_id,likes,replies,user_reports,saved,id,banned_at_utc,mod_reason_title,gilded,archived,collapsed_reason_code,no_follow,author,can_mod_post,send_replies,parent_id,score,author_fullname,report_reasons,removal_reason,approved_by,all_awardings,body,awarders,top_awarded_type,downs,author_flair_css_class,author_patreon_flair,collapsed,author_flair_richtext,is_submitter,body_html,gildings,collapsed_reason,associated_award,stickied,author_premium,can_gild,link_id,unrepliable_reason,author_flair_text_color,score_hidden,permalink,subreddit_type,locked,name,created,author_flair_text,treatment_tags,created_utc,subreddit_name_prefixed,controversiality,author_flair_background_color,collapsed_because_crowd_control,mod_reports,mod_note,distinguished,date,author_created_utc,retrieved_on
t5_4qydxq,,False,,False,,,2,,text,0,FishingMB,,,,[],False,jhp1i78,,,0,False,,True,parkland_angling,False,True,t3_vsay0n,2,t2_9n2jd6pm2,,,,[],"Just the breathing apparatus I believe. They have spread fishing comp up in the ducks and they have fins and mask, wetsuits and stuff.",[],,0,,False,False,[],False,"&lt;div class=""md""&gt;&lt;p&gt;Just the breathing apparatus I believe. They have spread fishing comp up in the ducks and they have fins and mask, wetsuits and stuff.&lt;/p&gt;
&lt;/div&gt;",{},,,False,False,True,t3_vsay0n,,,False,/r/FishingMB/comments/vsay0n/spearfishing_and_scuba_gear/jhp1i78/,restricted,False,t1_jhp1i78,1682452611.0,,[],1682452611.0,r/FishingMB,0,,,[],,,2023-04-25 15:56:51,,
t5_4qydxq,,,,False,,,,,text,0,FishingMB,,,,,,h8ofta2,,,0,False,,True,Kindly_Salamander600,,True,t3_oj0y1e,1,t2_77p4o57w,,,,[],hey party people,,,,,False,False,[],False,,{},,,False,False,False,t3_oj0y1e,,,False,/r/FishingMB/comments/oj0y1e/rfishingmb_lounge/h8ofta2/,public,False,t1_h8ofta2,,,[],1628789247.0,r/FishingMB,0,,,,,,2021-08-12 13:27:27,1601665383.0,1651700518.0
t5_4qydxq,,,,False,,,,,text,0,FishingMB,,,,,,h5ae5un,,,0,False,,True,Rhinoaf,,True,t3_okiyjd,1,t2_cnkf5,,,,[],What about in Winnipeg?,,,,,False,False,[],False,,{},,,False,False,True,t3_okiyjd,,,False,/r/FishingMB/comments/okiyjd/suggestions_for_a_guided_day_trip_fishing_12_hrs/h5ae5un/,public,False,t1_h5ae5un,,,[],1626364740.0,r/FishingMB,0,,,,,,2021-07-15 11:59:00,1375826405.0,1652600364.0
t5_4qydxq,,,,False,,,,,text,0,FishingMB,,,,,,h59iqaq,,,0,False,,True,calliecat1883,,True,t3_okiyjd,3,t2_3lwchyvo,,,,[],"I highly recommend walkers adventures. You won't regret it. 
https://walkersadventures.ca/packages-and-pricing/",,,,,False,False,[],False,,{},,,False,False,True,t3_okiyjd,,,False,/r/FishingMB/comments/okiyjd/suggestions_for_a_guided_day_trip_fishing_12_hrs/h59iqaq/,public,False,t1_h59iqaq,,,[],1626349230.0,r/FishingMB,0,,,,,,2021-07-15 07:40:30,1555384864.0,1652602202.0
t5_4qydxq,,,,False,,,,,text,0,FishingMB,,,,,,h58hyyr,,,0,False,,True,fatjesuss,,True,t3_okiyjd,1,t2_ao2z1eat,,,,[],"Reynolds ponds is nice. Smaller but you can bring a boat. Lots of perch, about an hour and half from Winnipeg.",,,,,False,False,[],False,,{},,,False,False,True,t3_okiyjd,,,False,/r/FishingMB/comments/okiyjd/suggestions_for_a_guided_day_trip_fishing_12_hrs/h58hyyr/,public,False,t1_h58hyyr,,,[],1626320768.0,r/FishingMB,0,,,,,,2021-07-14 23:46:08,1614713162.0,1652604341.0
t5_4qydxq,,,,False,,,,,text,0,FishingMB,,,,,,h56voly,,,0,False,,True,Riversix,,True,t3_oj0y1e,1,t2_97mw5e24,,,,[],hello,,,,,False,False,[],False,,{},,,False,False,False,t3_oj0y1e,,,False,/r/FishingMB/comments/oj0y1e/rfishingmb_lounge/h56voly/,public,False,t1_h56voly,,,[],1626291940.0,r/FishingMB,0,,,,,,2021-07-14 15:45:40,1607366112.0,1652607751.0
t5_4qydxq,,,,False,,,,,text,0,FishingMB,,,,,,h548lyr,,,0,False,,True,thederpydino669,,True,t3_oj0y1e,1,t2_4s45ixk,,,,[],Hello,,,,,False,False,[],False,,{},,,False,False,False,t3_oj0y1e,,,False,/r/FishingMB/comments/oj0y1e/rfishingmb_lounge/h548lyr/,public,False,t1_h548lyr,,,[],1626234914.0,r/FishingMB,0,,,,,,2021-07-13 23:55:14,1498104056.0,1652613327.0
t5_4qydxq,,,,False,,,,,text,0,FishingMB,,,,,,h547ffi,,,0,False,,True,WizardOf_The_West,,True,t3_oj0y1e,1,t2_9n2pr1fy,,,,[],Helloooo,,,,,False,False,[],False,,{},,,False,False,False,t3_oj0y1e,,,False,/r/FishingMB/comments/oj0y1e/rfishingmb_lounge/h547ffi/,public,False,t1_h547ffi,,,[],1626234183.0,r/FishingMB,0,,,,,,2021-07-13 23:43:03,1609706943.0,1652613396.0
